"Sequence","Concentration","StrandType","Function","Name","Tm","dG0","dH","dS","dG"
"GCAATGTGAAAATGTTTACTCACCAACA",1e-07,"DNA","PRIMER","AMPL467096662_Fwd",64.36,-28.03,-218.0,-0.61252,-14.030840000000012
"TGTAGCACAATGAGAGTATAAAGTAGATGTAAT",1e-07,"DNA","PRIMER","AMPL467212996_Fwd",63.1,-29.74,-249.7,-0.70921,-13.53306999999998
"CTTTGCAAGTGGCACTCCTC",1e-07,"DNA","PRIMER","AMPL467561353_Fwd",63.74,-22.86,-157.5,-0.43411,-12.941370000000006
"GGCCATGTGCTTTTCAAACTAATTGT",1e-07,"DNA","PRIMER","AMPL467632467_Fwd",64.41,-26.73,-201.6,-0.5638200000000001,-13.847939999999966
"GGTTGCTGGATCCACTGGAG",1e-07,"DNA","PRIMER","AMPL467656796_Fwd",65.16,-23.3,-155.5,-0.42625,-13.558750000000003
"CGATCTGTGAGCCGAGTCTTTA",1e-07,"DNA","PRIMER","AMPL468048766_Fwd",63.73,-24.07,-172.8,-0.47955000000000003,-13.109849999999994
"CACTAGATGACCAGGAAATAGAGAGGAA",1e-07,"DNA","PRIMER","AMPL468091028_Fwd",64.78,-27.82,-212.4,-0.59514,-14.218379999999996
"TCAGGGTTCTTTGTGGTGTTTTTATCT",1e-07,"DNA","PRIMER","AMPL468172695_Fwd",64.33,-26.93,-204.7,-0.57316,-13.83771999999999
"CTCTGTGAACACAGGATAGAAGCA",1e-07,"DNA","PRIMER","AMPL468703966_Fwd",63.9,-25.13,-185.1,-0.51578,-13.345259999999996
"GCTGTCAAGCCGTGTTCTAGATAAAATA",1e-07,"DNA","PRIMER","AMPL468748906_Fwd",64.55,-28.13,-217.8,-0.61156,-14.15052
"CAGTGAAAGACTTGTGATTACCTCAGAAA",1e-07,"DNA","PRIMER","AMPL468874944_Fwd",64.48,-28.55,-223.5,-0.62858,-14.182859999999977
"CCTGTCTCCTGGACAGAAACAAAA",1e-07,"DNA","PRIMER","AMPL468922661_Fwd",64.57,-25.4,-184.3,-0.51232,-13.69744
"TGACTACATGGAACACATACCTTCGATA",1e-07,"DNA","PRIMER","AMPL469147322_Fwd",64.72,-27.91,-213.9,-0.59968,-14.206559999999996
"GCTTCCTATGACCCGGATAACAA",1e-07,"DNA","PRIMER","AMPL469324749_Fwd",64.04,-24.51,-176.5,-0.49006,-13.310020000000009
"GAAATCCAGATCGATGGTGTGTCT",1e-07,"DNA","PRIMER","AMPL469390256_Fwd",64.24,-25.34,-185.6,-0.51671,-13.535570000000007
"CAAGCAAGTGCAAGTCTAAGCC",1e-07,"DNA","PRIMER","AMPL469846525_Fwd",64.11,-24.35,-174.0,-0.48252,-13.320840000000004
"GGTTGGGCTCAGATCTGTGAT",1e-07,"DNA","PRIMER","AMPL469937071_Fwd",64.17,-23.3,-160.7,-0.44301,-13.177669999999978
"AAACTTGGATCCCTATGAACAGTGG",1e-07,"DNA","PRIMER","AMPL476533235_Fwd",64.36,-25.76,-190.0,-0.52955,-13.659850000000006
"GCAGAGCATTGAATTCTGCCAAATA",1e-07,"DNA","PRIMER","AMPL478031510_Fwd",63.81,-25.78,-193.8,-0.54175,-13.397250000000014
"CTCCCCATGATGTTTAGAAACACAACTA",1e-07,"DNA","PRIMER","AMPL492300506_Fwd",64.4,-27.73,-214.0,-0.6005900000000001,-14.003529999999984
"GCCAGCGTTGTCTCCAAACT",1e-07,"DNA","PRIMER","AMPL493118173_Fwd",65.52,-23.66,-158.0,-0.43313999999999997,-13.764380000000017
"GAATGAGAGACACACTGAAGAAGCA",1e-07,"DNA","PRIMER","AMPL497229850_Fwd",64.34,-26.09,-194.2,-0.54203,-13.704009999999982
"GGACACTGATATGGGTCTTGATAAATGG",1e-07,"DNA","PRIMER","AMPL497774927_Fwd",64.75,-28.0,-214.8,-0.6023,-14.23410000000004
"CTGGTAACTATGGATTTCCCCTCTTAC",1e-07,"DNA","PRIMER","AMPL556199792_Fwd",64.06,-26.84,-205.4,-0.57573,-13.681910000000016
"TGGTCAGGAGGGAGTTGACTT",1e-07,"DNA","PRIMER","AMPL556343103_Fwd",65.01,-23.44,-157.9,-0.43354000000000004,-13.531180000000006
"CCCTGGGCTCAACTCATTTGA",1e-07,"DNA","PRIMER","AMPL556370172_Fwd",64.67,-23.52,-160.7,-0.44231,-13.410769999999985
"CTAGGCACTGGATGGAGGTTG",1e-07,"DNA","PRIMER","AMPL556385351_Fwd",64.66,-23.64,-162.3,-0.44706,-13.429020000000008
"GGGAAAGACAGTCTTCGATTACTGAG",1e-07,"DNA","PRIMER","AMPL556424352_Fwd",64.4,-26.82,-202.8,-0.56741,-13.852470000000011
"CGCCTGGAGCTCTTCGT",1e-07,"DNA","PRIMER","AMPL569736509_Fwd",64.33,-21.29,-135.0,-0.36662,-12.915539999999993
"GGTCCTGGCCAGCCTCTA",1e-07,"DNA","PRIMER","AMPL569738926_Fwd",66.06,-22.13,-137.4,-0.37167,-13.633890000000008
"TGGAGGGACATGATGGACTACAT",1e-07,"DNA","PRIMER","AMPL569743668_Fwd",64.77,-24.52,-172.3,-0.47649,-13.628829999999994
"GGTGGGAAGGCACCTGA",1e-07,"DNA","PRIMER","AMPL569771076_Fwd",64.14,-20.79,-129.6,-0.35084,-12.77028
"CCTCCACCTCCTGCCTCTT",1e-07,"DNA","PRIMER","AMPL569777773_Fwd",65.99,-22.69,-144.3,-0.39209,-13.734030000000018
"GGTCCTGGCCAGCCTCTA",1e-07,"DNA","PRIMER","AMPL569793612_Fwd",66.06,-22.13,-137.4,-0.37167,-13.633890000000008
"AGCCCGCTCCTTTCACC",1e-07,"DNA","PRIMER","AMPL569807803_Fwd",64.8,-21.24,-132.3,-0.35808,-13.059360000000012
"TCCACCTCCCGCCTCTT",1e-07,"DNA","PRIMER","AMPL569876406_Fwd",65.37,-21.14,-128.6,-0.34649,-13.218829999999983
"CTCTCCTCACCTGCAGCATC",1e-07,"DNA","PRIMER","AMPL570334446_Fwd",64.84,-23.27,-156.8,-0.43051999999999996,-13.436840000000018
"CGCCTGGAGCTCTTCGT",1e-07,"DNA","PRIMER","AMPL570348570_Fwd",64.33,-21.29,-135.0,-0.36662,-12.915539999999993
"CCTGAACTGAAAGTACTCCCTCCTT",1e-07,"DNA","PRIMER","AMPL570395247_Fwd",65.51,-26.37,-190.2,-0.52822,-14.302739999999972
"GAGGACCTGGAGCCTAGACA",1e-07,"DNA","PRIMER","AMPL570562416_Fwd",65.03,-22.97,-152.2,-0.41666000000000003,-13.452219999999983
"CTGTCGTTGGTCTCTGCTCT",1e-07,"DNA","PRIMER","AMPL570683433_Fwd",63.82,-22.8,-156.4,-0.43075,-12.960250000000002
"GGTGGGCAGCAGCTCAG",1e-07,"DNA","PRIMER","AMPL570891051_Fwd",66.08,-21.93,-135.0,-0.36457,-13.598190000000002
"GGTGGGCAGCAGCTCAG",1e-07,"DNA","PRIMER","AMPL570985432_Fwd",66.08,-21.93,-135.0,-0.36457,-13.598190000000002
"TCTTCAGTGGATTAAGCGTGAATATGTT",1e-07,"DNA","PRIMER","AMPL612959905_Fwd",64.02,-27.56,-214.7,-0.60338,-13.774459999999976
"CAGTTGACTTGTCATCTTGATTTCTGG",1e-07,"DNA","PRIMER","AMPL612960517_Fwd",63.72,-27.02,-210.1,-0.59029,-13.53343000000001
"CTTTTCTTCTGCTTCCCTTGCC",1e-07,"DNA","PRIMER","AMPL623736840_Fwd",63.95,-24.06,-171.4,-0.47506,-13.205020000000019
"GGTAGGTGAATCCCCAGTACGA",1e-07,"DNA","PRIMER","AMPL623749092_Fwd",65.32,-24.46,-168.5,-0.46443,-13.844809999999995
"TTTGCCCCTTGACAGGTATGG",1e-07,"DNA","PRIMER","AMPL623762017_Fwd",64.71,-23.49,-160.1,-0.44047000000000003,-13.423489999999987
"CCACTGTCCGGAAATTCATGGT",1e-07,"DNA","PRIMER","AMPL623764571_Fwd",64.92,-24.39,-169.9,-0.46916,-13.669720000000012
"ACTTCCTGAGGTTCATTACCACCT",1e-07,"DNA","PRIMER","AMPL623770850_Fwd",65.14,-25.37,-180.4,-0.49987,-13.943290000000019
"TTTTTATATCTTAAAGCTGTGTCTGTAAACTGA",1e-07,"DNA","PRIMER","AMPL648144397_Fwd",62.54,-29.43,-250.7,-0.7134299999999999,-13.12781000000001
"TGGTTTTCTGTACCCACCACTTTTAA",1e-07,"DNA","PRIMER","AMPL658783041_Fwd",64.24,-26.26,-196.9,-0.5501900000000001,-13.686729999999983
"TCAACTGGATGAGGGCAAGG",1e-07,"DNA","PRIMER","AMPL658804790_Fwd",64.36,-22.74,-152.8,-0.41933,-13.163110000000017
"GCACCAATGTCATGCCTCAAG",1e-07,"DNA","PRIMER","AMPL659619504_Fwd",64.2,-23.69,-165.4,-0.45688999999999996,-13.255630000000025
"GCATCCAGTTCCGCTCCATAG",1e-07,"DNA","PRIMER","AMPL661570029_Fwd",65.2,-24.14,-165.4,-0.45544,-13.73848000000001
"CAGAGCTAGTGGCTCACCTT",1e-07,"DNA","PRIMER","AMPL663100272_Fwd",63.7,-22.55,-153.8,-0.42319,-12.877730000000014
"CAGACTTCTTACTGAGCTTATGAAACCA",1e-07,"DNA","PRIMER","AMPL663779199_Fwd",64.11,-27.67,-215.3,-0.6049800000000001,-13.84165999999999
"AGAGGGTAAAATTAAGCACAGTGGAAG",1e-07,"DNA","PRIMER","AMPL712350278_Fwd",64.58,-27.22,-206.5,-0.57804,-14.012679999999989
"CAGGTCCCTGGAAGCTCTT",1e-07,"DNA","PRIMER","AMPL712394111_Fwd",63.67,-21.78,-144.2,-0.39472,-12.758239999999972
"CCCAGGGTTCACAGCTGTTC",1e-07,"DNA","PRIMER","AMPL712468205_Fwd",65.6,-23.56,-156.4,-0.4283,-13.776100000000014
"GAAGGTTGGAACGCTCATCC",1e-07,"DNA","PRIMER","AMPL807051270_Fwd",63.25,-22.63,-157.3,-0.4342,-12.711400000000026
"CCCCAGCTTCTGAAGACAGT",1e-07,"DNA","PRIMER","AMPL807062547_Fwd",63.96,-22.6,-153.1,-0.42075,-12.990250000000003
"GCTAATGTATTTCTAAGGCAGTGAGAGG",1e-07,"DNA","PRIMER","AMPL811140534_Fwd",64.64,-28.09,-216.7,-0.60813,-14.192710000000005
"TGACCCCAAAAGATTTACCATTATGCT",1e-07,"DNA","PRIMER","AMPL811145968_Fwd",64.35,-26.84,-203.4,-0.5692699999999999,-13.833090000000027
"GGGATTAGGTGCAGAGTTTTATTACC",1e-07,"DNA","PRIMER","AMPL811148683_Fwd",63.0,-25.76,-199.1,-0.5589,-12.9863
"GGCCATAGAGAAGAGGGATCACAT",1e-07,"DNA","PRIMER","AMPL811598314_Fwd",65.55,-25.72,-182.2,-0.50455,-14.184849999999983
"TGCTTTCATACTTGCCTCCACAT",1e-07,"DNA","PRIMER","AMPL812248025_Fwd",64.27,-24.53,-175.4,-0.48643000000000003,-13.418810000000008
"CACAGTAACGCCCCTCGT",1e-07,"DNA","PRIMER","AMPL812522983_Fwd",64.33,-21.86,-142.1,-0.38767,-13.005889999999994
"AGACCTGAGCCACTTACCTGTA",1e-07,"DNA","PRIMER","AMPL868057489_Fwd",64.51,-23.88,-166.0,-0.45822,-13.412739999999985
"GGTGGTGCTGAACTCCAAGA",1e-07,"DNA","PRIMER","AMPL868122714_Fwd",64.47,-22.92,-154.4,-0.42393000000000003,-13.231310000000008
"GGTGGGCACCCTCACTCA",1e-07,"DNA","PRIMER","AMPL868334943_Fwd",66.87,-22.53,-138.6,-0.37423,-13.981409999999997
"GCAGCTGACCCAGGAGTT",1e-07,"DNA","PRIMER","AMPL868433204_Fwd",64.48,-21.67,-139.0,-0.3783,-13.026099999999985
"TCAGTAAGTAACTTTGGCTGCCAAAT",1e-07,"DNA","PRIMER","AMPL1314131500_Fwd",64.54,-26.56,-198.6,-0.55471,-13.881569999999982
"TTTCCATATGCCAGAAAAGTTGAATAGT",1e-07,"DNA","PRIMER","AMPL1316862546_Fwd",62.58,-26.46,-211.3,-0.5959800000000001,-12.838659999999976
"AATTTAATGTGATATGTGCCCTAGGAGA",1e-07,"DNA","PRIMER","AMPL1316863746_Fwd",63.42,-26.84,-210.0,-0.59054,-13.350180000000023
"TCTTATTTGGGTTCTGAATGCGTCTAC",1e-07,"DNA","PRIMER","AMPL1325115211_Fwd",64.53,-27.41,-209.2,-0.58613,-14.01870999999997
"CAGTCTGTCCTGAACCTGATGA",1e-07,"DNA","PRIMER","AMPL1350926839_Fwd",63.53,-23.64,-168.6,-0.46738,-12.962459999999993
"ACTGCAACCTCAAAGGAGCAA",1e-07,"DNA","PRIMER","AMPL1371818357_Fwd",64.54,-23.49,-161.0,-0.44337,-13.357789999999994
"CCCTGATAGTTTCCCATAACAACCT",1e-07,"DNA","PRIMER","AMPL1371818429_Fwd",63.97,-25.44,-188.5,-0.52575,-13.425249999999977
"GGACAAGCAAAAGGCTCCTTC",1e-07,"DNA","PRIMER","AMPL1371819731_Fwd",63.87,-23.44,-164.1,-0.45352,-13.077840000000009
"CACCTTTTGGTCTGGAGGGAAG",1e-07,"DNA","PRIMER","AMPL1380948433_Fwd",65.11,-24.45,-169.5,-0.46769,-13.759230000000002
"GTGCGTAGTGGGTGGAGAAA",1e-07,"DNA","PRIMER","AMPL1380948435_Fwd",64.42,-23.04,-156.1,-0.42902999999999997,-13.233010000000007
"CACAGTTGATGTGGAACCAGAAAG",1e-07,"DNA","PRIMER","AMPL1425597489_Fwd",63.72,-25.2,-187.2,-0.5223099999999999,-13.270769999999999
"TGATATGCCTTTTCCCAACTCCAG",1e-07,"DNA","PRIMER","AMPL1486226181_Fwd",64.59,-25.31,-183.0,-0.50844,-13.689480000000003
"AGGAGTCCAATTTTCACTCATCTTGT",1e-07,"DNA","PRIMER","AMPL1489330457_Fwd",63.91,-26.06,-196.7,-0.55018,-13.49006
"AACTTCATAGGTTACGATTTATATTAAGCCCAA",1e-07,"DNA","PRIMER","AMPL1497161003_Fwd",63.86,-30.27,-249.8,-0.70782,-14.095940000000013
"ACTTAACGACTACAGAAGTAGTGATGGA",1e-07,"DNA","PRIMER","AMPL467213023_Fwd",64.39,-27.74,-214.2,-0.6012000000000001,-14.000399999999956
"TGATTACCTAGATTTTAGTGTGCTCAGA",1e-07,"DNA","PRIMER","AMPL467504527_Fwd",63.0,-26.74,-211.8,-0.5966699999999999,-13.10889000000003
"GTGATGACAGCCTCTTCTTCAGT",1e-07,"DNA","PRIMER","AMPL467649362_Fwd",64.09,-24.63,-177.6,-0.49323,-13.354410000000001
"AGGAAGATGTGCCTTTCAAATTCAGA",1e-07,"DNA","PRIMER","AMPL467692120_Fwd",64.37,-26.38,-197.6,-0.55204,-13.770679999999999
"TTCATTGAAAAGCCCGACAAATAACC",1e-07,"DNA","PRIMER","AMPL468021362_Fwd",63.97,-26.48,-201.5,-0.56432,-13.581439999999986
"GCAATTTCCCTGGGCTGTACAA",1e-07,"DNA","PRIMER","AMPL468184487_Fwd",65.47,-24.63,-169.8,-0.46806,-13.936020000000013
"GGTCCCACTTTTTATTCTTTTGCAGAG",1e-07,"DNA","PRIMER","AMPL468281303_Fwd",64.19,-27.23,-209.3,-0.58704,-13.815680000000015
"GATGTGGGCATGGGAGGAATA",1e-07,"DNA","PRIMER","AMPL468425396_Fwd",64.08,-23.12,-158.9,-0.4378,-13.112599999999986
"GCCCATCTGTTGAATAAAAGAAATATGACTT",1e-07,"DNA","PRIMER","AMPL468865894_Fwd",63.6,-29.07,-236.8,-0.66979,-13.759930000000026
"AAGGTAGCAGCTATTTTTATGGGACAT",1e-07,"DNA","PRIMER","AMPL468866489_Fwd",63.96,-26.63,-203.4,-0.56997,-13.59999000000002
"GCTTAGGATGATAATTGGAGGCAAGT",1e-07,"DNA","PRIMER","AMPL469146556_Fwd",64.52,-26.53,-198.5,-0.5544600000000001,-13.86481999999998
"AAGTCTTGTGTTGAAATTCTCAGGGT",1e-07,"DNA","PRIMER","AMPL469286737_Fwd",64.26,-26.32,-197.6,-0.5522400000000001,-13.704079999999976
"TTGATGGTAAGTACATGGGTGTTTCTT",1e-07,"DNA","PRIMER","AMPL469294494_Fwd",63.97,-26.69,-204.2,-0.57232,-13.61743999999996
"TGGCATGGTACCTATATGTCACAGA",1e-07,"DNA","PRIMER","AMPL469322657_Fwd",64.79,-25.9,-189.0,-0.52588,-13.881959999999992
"GCCTTCTGTCCCAGATCTCACT",1e-07,"DNA","PRIMER","AMPL469688358_Fwd",65.84,-24.72,-168.8,-0.46455,-14.104849999999999
"ATTTCATGCTATCAGAATTCACAAGGT",1e-07,"DNA","PRIMER","AMPL474961767_Fwd",62.51,-25.88,-204.2,-0.57496,-12.738319999999987
"AGCCTAGTTGATCAGCTTATTGTCTAGT",1e-07,"DNA","PRIMER","AMPL492210713_Fwd",64.8,-27.85,-212.6,-0.59569,-14.235229999999973
"GAGAGCAGCATAAATGTTGACATGG",1e-07,"DNA","PRIMER","AMPL497497076_Fwd",63.96,-26.01,-195.7,-0.54713,-13.505709999999993
"GAAAAGAACATGGAAGTTTGCTACGAC",1e-07,"DNA","PRIMER","AMPL556186951_Fwd",64.24,-27.57,-213.2,-0.59851,-13.896169999999984
"TTTATAGAACAGAACTGAAACTGACTCGG",1e-07,"DNA","PRIMER","AMPL556296474_Fwd",64.08,-28.37,-224.3,-0.63173,-13.933909999999997
"CTCATTGTGCCTGGCAACTG",1e-07,"DNA","PRIMER","AMPL556350401_Fwd",64.08,-23.03,-157.8,-0.43452999999999997,-13.101510000000019
"GGGCCTGCCATGAAAATGT",1e-07,"DNA","PRIMER","AMPL569735623_Fwd",63.38,-21.78,-145.7,-0.39955,-12.649849999999986
"GGCCAGAACCAGTGATGGG",1e-07,"DNA","PRIMER","AMPL569737895_Fwd",65.5,-22.77,-147.5,-0.40216,-13.580719999999985
"GTTCTTTTGCATACCCCAGTTATGG",1e-07,"DNA","PRIMER","AMPL569740889_Fwd",63.77,-25.68,-192.9,-0.53915,-13.363049999999987
"CTTGTCCTGAACTGAAAGTACTCCA",1e-07,"DNA","PRIMER","AMPL569741665_Fwd",63.89,-25.66,-191.8,-0.53567,-13.421890000000019
"GTGCACATGGCTGCAGT",1e-07,"DNA","PRIMER","AMPL569744325_Fwd",63.26,-20.82,-134.0,-0.36493000000000003,-12.478309999999993
"CCCTGACGGGCGTCTTG",1e-07,"DNA","PRIMER","AMPL569771170_Fwd",65.61,-21.89,-136.5,-0.36954000000000004,-13.443179999999984
"CTCTCCTCACCTGCAGCATC",1e-07,"DNA","PRIMER","AMPL569774125_Fwd",64.84,-23.27,-156.8,-0.43051999999999996,-13.436840000000018
"GGCACTTGCACATGGCT",1e-07,"DNA","PRIMER","AMPL569812811_Fwd",63.33,-20.77,-133.0,-0.36187,-12.497289999999992
"CGGTGGGAGGGTACCTGAA",1e-07,"DNA","PRIMER","AMPL569874802_Fwd",65.89,-22.76,-145.5,-0.39575,-13.715249999999997
"CCACCTCCCGCCTCTTG",1e-07,"DNA","PRIMER","AMPL569877865_Fwd",65.11,-21.43,-133.3,-0.36068,-13.193560000000005
"GGGCCTGCCGTGAAAAT",1e-07,"DNA","PRIMER","AMPL570347519_Fwd",63.05,-20.59,-132.1,-0.35952,-12.379839999999987
"GGGCCAGAGCCAGTGATG",1e-07,"DNA","PRIMER","AMPL570349389_Fwd",65.52,-22.22,-140.8,-0.38235,-13.477450000000005
"CGACTGCAGGAGGAGCTA",1e-07,"DNA","PRIMER","AMPL570761882_Fwd",63.19,-21.26,-140.0,-0.38285,-12.510949999999994
"CCAGATTCAGCAGCGACTGT",1e-07,"DNA","PRIMER","AMPL570836129_Fwd",64.75,-23.29,-157.5,-0.43271,-13.407569999999993
"GCTCCTCCCGTTCCCCTT",1e-07,"DNA","PRIMER","AMPL570896514_Fwd",66.65,-22.42,-138.2,-0.37331,-13.887770000000003
"CGGACCTGTCCTTGGGAGA",1e-07,"DNA","PRIMER","AMPL570976876_Fwd",65.84,-22.79,-146.1,-0.39759,-13.702529999999996
"CATCTGCTCTTCCCGTTCCC",1e-07,"DNA","PRIMER","AMPL570992917_Fwd",65.13,-23.4,-156.8,-0.43012,-13.570040000000006
"GACCACTTTAATGGTGTTTACCTACCTA",1e-07,"DNA","PRIMER","AMPL612960426_Fwd",63.78,-27.26,-212.6,-0.5975900000000001,-13.602529999999973
"GAGGGAGCTAGAGAGCTCTGA",1e-07,"DNA","PRIMER","AMPL623733836_Fwd",64.5,-23.43,-160.5,-0.44195,-13.330649999999991
"CTGTGGACATGGGAACAGGAT",1e-07,"DNA","PRIMER","AMPL623737664_Fwd",64.16,-23.22,-159.8,-0.44035,-13.163450000000012
"CCTGGTTGGGTTTGGGAGTAG",1e-07,"DNA","PRIMER","AMPL623742865_Fwd",64.89,-23.64,-161.0,-0.44288,-13.520960000000002
"CTGGTTAGTACTGGTCCCCTTCT",1e-07,"DNA","PRIMER","AMPL623750282_Fwd",65.09,-24.79,-173.8,-0.48044,-13.813480000000027
"CCTCCATCATGAAGAAGCTCTTGAC",1e-07,"DNA","PRIMER","AMPL623758630_Fwd",64.95,-26.42,-194.3,-0.5412899999999999,-14.050430000000034
"AAAAATGAAGTCCATGCCACCATTC",1e-07,"DNA","PRIMER","AMPL623760758_Fwd",64.03,-25.76,-192.1,-0.53634,-13.498779999999982
"ATAAAACCACAATGGTGGCATGA",1e-07,"DNA","PRIMER","AMPL647470059_Fwd",62.71,-23.68,-174.0,-0.48467,-12.604890000000012
"GATCATTACTGTTCTGTGATATTATGTGTGGT",1e-07,"DNA","PRIMER","AMPL647810578_Fwd",64.24,-30.16,-245.2,-0.69335,-14.314449999999994
"ACCAATTTTGAGGAAAGGATACAGACA",1e-07,"DNA","PRIMER","AMPL655136916_Fwd",63.99,-26.68,-203.8,-0.57109,-13.627030000000019
"TGGAAGCCACAGTACTTTTCAAGAA",1e-07,"DNA","PRIMER","AMPL658674329_Fwd",64.17,-25.72,-190.8,-0.53225,-13.560750000000013
"GGAGTAGGAAAGTTTCAAAGACCTGA",1e-07,"DNA","PRIMER","AMPL659377496_Fwd",64.01,-26.25,-198.4,-0.55506,-13.565020000000004
"TGCTGTTATTTTATGAAGACAGTGTGGA",1e-07,"DNA","PRIMER","AMPL659599485_Fwd",64.16,-27.59,-214.1,-0.60134,-13.85378
"GCTTTTCGGACTTTTTCTGATGAAAGAA",1e-07,"DNA","PRIMER","AMPL659794021_Fwd",63.94,-27.78,-218.0,-0.6133200000000001,-13.76443999999998
"AGTGAACAAGTACATTGCTCCAAGT",1e-07,"DNA","PRIMER","AMPL661534109_Fwd",64.19,-25.78,-191.3,-0.5336799999999999,-13.584560000000039
"GGTGGAGAACATGGGAGAGAAA",1e-07,"DNA","PRIMER","AMPL663072267_Fwd",63.89,-23.7,-167.2,-0.46269,-13.124229999999983
"CCACCCACAGGGATAGTGAAC",1e-07,"DNA","PRIMER","AMPL807015613_Fwd",64.63,-23.58,-161.7,-0.44532,-13.408439999999985
"GCCTCATGTCGCGCAGT",1e-07,"DNA","PRIMER","AMPL807033687_Fwd",65.63,-21.99,-137.7,-0.37306,-13.471019999999982
"CAGTCTTGCTGAATTAAGCAGAAAGG",1e-07,"DNA","PRIMER","AMPL807207246_Fwd",63.91,-26.56,-203.0,-0.56887,-13.56629000000001
"TGAACATTTCCTGAATATCTACCAACCAA",1e-07,"DNA","PRIMER","AMPL811141827_Fwd",63.94,-27.85,-218.9,-0.61599,-13.775329999999997
"CTTGAATGAAGCAGGTCCCAAATTTTA",1e-07,"DNA","PRIMER","AMPL811143696_Fwd",63.67,-26.72,-206.6,-0.57999,-13.463329999999985
"GTTCAATGCTTGTAACTATTTTAATGGGCTT",1e-07,"DNA","PRIMER","AMPL811148743_Fwd",64.1,-29.51,-238.3,-0.6732,-14.124400000000009
"CAAGCCCCGTCGATTAGACA",1e-07,"DNA","PRIMER","AMPL811679394_Fwd",64.22,-23.01,-156.8,-0.43137000000000003,-13.153790000000015
"GGAGTGAGGTCTCTGGCTTT",1e-07,"DNA","PRIMER","AMPL812518150_Fwd",63.69,-22.46,-152.8,-0.42023,-12.863410000000016
"ACCTGAGAAGATAGTAAGCTAGATGAAT",1e-07,"DNA","PRIMER","AMPL844200061_Fwd",62.32,-26.17,-209.5,-0.59111,-12.66037
"GCTGAACTCCAAGAGGACCAT",1e-07,"DNA","PRIMER","AMPL868037386_Fwd",64.1,-23.27,-160.7,-0.44311,-13.14436999999998
"GCCCACAGCCAGTGATG",1e-07,"DNA","PRIMER","AMPL868037962_Fwd",63.33,-20.82,-133.7,-0.36396,-12.501319999999993
"AGCCACTGGTCCATCCAAATT",1e-07,"DNA","PRIMER","AMPL868068403_Fwd",64.25,-23.13,-158.1,-0.43519,-13.181729999999988
"GACTTCTGCTGCAGAGAGTGATA",1e-07,"DNA","PRIMER","AMPL868171912_Fwd",63.62,-24.43,-178.1,-0.49545999999999996,-13.111820000000023
"CTTCCCCAATCCTCCAGGT",1e-07,"DNA","PRIMER","AMPL868225358_Fwd",63.51,-21.54,-142.0,-0.38839999999999997,-12.662800000000004
"CTGACCCAGGAGTTCTGTGAG",1e-07,"DNA","PRIMER","AMPL868241158_Fwd",64.21,-23.48,-162.7,-0.44888,-13.22296
"ACTCATGTCGGTCCCTGAGAT",1e-07,"DNA","PRIMER","AMPL868360804_Fwd",64.82,-23.49,-159.5,-0.43853,-13.469510000000014
"AGACCTGAGCCACTTACCTGTA",1e-07,"DNA","PRIMER","AMPL939986921_Fwd",64.51,-23.88,-166.0,-0.45822,-13.412739999999985
"TGTCATCTTGTATATTATAGGTGGGATTCTTAA",1e-07,"DNA","PRIMER","AMPL1317650819_Fwd",62.89,-29.33,-246.3,-0.69955,-13.349850000000004
"AGCACCAGTTCGTATTATGTGTTTTACA",1e-07,"DNA","PRIMER","AMPL1350926834_Fwd",64.31,-27.84,-216.0,-0.60668,-13.975560000000002
"TTGAGCTGTCAAGGTTGTAAATAGACTT",1e-07,"DNA","PRIMER","AMPL1350926835_Fwd",63.93,-27.41,-213.4,-0.5996900000000001,-13.70322999999999
"AATGGCCAACTCTCGAAAGTTATGATTA",1e-07,"DNA","PRIMER","AMPL1350926836_Fwd",64.07,-27.51,-213.7,-0.6003099999999999,-13.79677000000001
"CCTTTAGAGAGAAGGCTGTCCTT",1e-07,"DNA","PRIMER","AMPL1350926838_Fwd",63.45,-24.07,-174.5,-0.48502999999999996,-12.985010000000017
"GTCCCTAACTTTCTTATCCCATGAGAGA",1e-07,"DNA","PRIMER","AMPL1371818112_Fwd",65.02,-27.92,-212.0,-0.59351,-14.361170000000016
"CCTGATACTTCTGTTGCCCTTGTG",1e-07,"DNA","PRIMER","AMPL1371818403_Fwd",65.34,-26.02,-187.0,-0.5190499999999999,-14.156350000000032
"CCACCAGTCTGACTGTTTCCA",1e-07,"DNA","PRIMER","AMPL1380948434_Fwd",64.19,-23.37,-161.5,-0.44536000000000003,-13.195120000000003
"GCAGGTCAGAGAAAAAGGGTTGA",1e-07,"DNA","PRIMER","AMPL1380948436_Fwd",64.83,-24.95,-177.2,-0.4909,-13.7303
"CCCTTCTCCCCAGAGATATGTGT",1e-07,"DNA","PRIMER","AMPL1425598476_Fwd",65.25,-24.83,-173.4,-0.47902,-13.886340000000018
"TATTGACTTTTTATGGCACTAGTATTTCTATGA",1e-07,"DNA","PRIMER","AMPL1486260392_Fwd",62.01,-28.89,-248.3,-0.7074400000000001,-12.72247999999999
"ACACACATGAAGTCCAAGCATTTAGAT",1e-07,"DNA","PRIMER","AMPL1486309394_Fwd",64.41,-27.1,-206.2,-0.57747,-13.902489999999972
"CAAAGAATGGCACCAGTGTGAAA",1e-07,"DNA","PRIMER","AMPL1489275007_Fwd",63.7,-24.49,-178.3,-0.49592,-13.158639999999991
"TCAGGAAAGAGAACTTCCAGATCCT",1e-07,"DNA","PRIMER","AMPL1489306062_Fwd",64.68,-25.75,-187.8,-0.5225,-13.807500000000033
"CTGGTTCTTGTACCTGTCAACACT",1e-07,"DNA","PRIMER","AMPL1524050819_Fwd",64.28,-25.31,-185.0,-0.51487,-13.54828999999998
"TGAGTATCGCACATTCACTGTCATAC",1e-07,"DNA","PRIMER","AMPL467096662_Rev",64.23,-26.77,-203.3,-0.5691900000000001,-13.75972999999999
"CCTCCCAGAAGGCTGTTACATTC",1e-07,"DNA","PRIMER","AMPL467212996_Rev",64.94,-25.05,-177.8,-0.49249,-13.800830000000019
"GCATAGAGCAGTCCTGGTTTTACTAAA",1e-07,"DNA","PRIMER","AMPL467561353_Rev",64.35,-27.18,-207.6,-0.58172,-13.887239999999991
"GACAGGAGTACCAAGAAGTGAGAAATT",1e-07,"DNA","PRIMER","AMPL467632467_Rev",64.08,-26.95,-206.6,-0.57925,-13.709749999999985
"CACCCATACATTCTCCTAATGCTCAT",1e-07,"DNA","PRIMER","AMPL467656796_Rev",64.1,-26.25,-197.7,-0.5528099999999999,-13.614270000000005
"TCATCTTTCTTCACGTGTGAATTCTCAA",1e-07,"DNA","PRIMER","AMPL468048766_Rev",64.24,-27.82,-216.3,-0.6077,-13.935900000000004
"CAATCTATGATGGGACAGTCTGTCT",1e-07,"DNA","PRIMER","AMPL468091028_Rev",63.45,-25.3,-190.2,-0.53166,-13.157219999999995
"TGCTCCAAGAGAGTCATACCATGT",1e-07,"DNA","PRIMER","AMPL468172695_Rev",65.13,-25.53,-182.4,-0.5058,-13.96860000000001
"GTTGCAATTTGCAGGAACTATCACAT",1e-07,"DNA","PRIMER","AMPL468703966_Rev",64.01,-26.52,-201.7,-0.56483,-13.611609999999985
"ACTCCGCCTTTCCAGTTGTATAATTT",1e-07,"DNA","PRIMER","AMPL468748906_Rev",64.18,-26.31,-198.0,-0.55357,-13.661190000000005
"GAGGTGGAAGTCTACCATGATAAACAT",1e-07,"DNA","PRIMER","AMPL468874944_Rev",63.83,-26.69,-205.1,-0.57525,-13.541749999999979
"TCCCTGCTCAGAATCTGGTACT",1e-07,"DNA","PRIMER","AMPL468922661_Rev",64.61,-23.89,-165.6,-0.45688999999999996,-13.455630000000014
"TGTATACATCCCCAAACTATCTTAATTTAACTT",1e-07,"DNA","PRIMER","AMPL469147322_Rev",62.05,-28.76,-246.3,-0.70139,-12.737130000000036
"GTACGATACAGAATATATGTGCCATGGG",1e-07,"DNA","PRIMER","AMPL469324749_Rev",64.56,-28.08,-217.2,-0.60977,-14.146589999999975
"TATGAGAAAACTGCACTGGAGAAAAA",1e-07,"DNA","PRIMER","AMPL469390256_Rev",62.4,-25.32,-197.7,-0.55579,-12.621929999999992
"GCTCCAATTCCATGAGCAAATGTC",1e-07,"DNA","PRIMER","AMPL469846525_Rev",64.4,-25.61,-187.9,-0.52326,-13.654420000000016
"TTCCCACTGTGCTATTAAGTAACAGAAC",1e-07,"DNA","PRIMER","AMPL469937071_Rev",64.32,-27.79,-215.3,-0.60458,-13.974860000000007
"TCCAGTCAAAAGTACCTGTTGCT",1e-07,"DNA","PRIMER","AMPL476533235_Rev",63.83,-24.31,-175.2,-0.48651,-13.192169999999976
"TGAAGCCAGCTCTCTATCCCATT",1e-07,"DNA","PRIMER","AMPL478031510_Rev",65.27,-24.87,-173.7,-0.47988,-13.899959999999993
"CCTGGACAATACTAACCCTGATTTCC",1e-07,"DNA","PRIMER","AMPL492300506_Rev",64.63,-26.63,-198.9,-0.55545,-13.935149999999993
"AAAACTGCTTATTCCTTTACCCCAA",1e-07,"DNA","PRIMER","AMPL493118173_Rev",62.43,-24.56,-187.4,-0.5250499999999999,-12.558350000000047
"TCATAGAAATACTAGTGCCATAAAAAGTCAATA",1e-07,"DNA","PRIMER","AMPL497229850_Rev",62.01,-28.89,-248.3,-0.7074400000000001,-12.72247999999999
"TCTTCTCCAACACTACAAATTAACGAGTT",1e-07,"DNA","PRIMER","AMPL497774927_Rev",63.9,-28.11,-222.4,-0.6264400000000001,-13.79547999999997
"GAGGCCCATGCATCAACAAC",1e-07,"DNA","PRIMER","AMPL556199792_Rev",64.2,-23.03,-157.1,-0.43229,-13.147429999999986
"GCATATTTCCTCTGTCCCATCCATTA",1e-07,"DNA","PRIMER","AMPL556343103_Rev",64.14,-26.22,-197.1,-0.5509700000000001,-13.626989999999978
"CCCATTCCTCATGTAGAAAGACTGA",1e-07,"DNA","PRIMER","AMPL556370172_Rev",63.65,-25.38,-189.9,-0.53044,-13.263479999999987
"ACGTCTCAAAGAGGTTGTCATACTTG",1e-07,"DNA","PRIMER","AMPL556385351_Rev",64.35,-26.74,-202.2,-0.56572,-13.815239999999989
"TCTCCAAATGGTGCCCTTCA",1e-07,"DNA","PRIMER","AMPL556424352_Rev",63.8,-22.35,-150.7,-0.41385,-12.88794999999999
"CCTGCCCCATCACTGGT",1e-07,"DNA","PRIMER","AMPL569736509_Rev",64.26,-20.8,-129.2,-0.34952,-12.809839999999994
"CCAGCCTCCACCACATTTTCAT",1e-07,"DNA","PRIMER","AMPL569738926_Rev",65.27,-24.46,-168.8,-0.46538999999999997,-13.82513000000003
"CTTGTCCCCAGGACGCA",1e-07,"DNA","PRIMER","AMPL569743668_Rev",64.38,-21.08,-132.2,-0.35828,-12.892759999999996
"GGAGCTTCCACCAGTTCCA",1e-07,"DNA","PRIMER","AMPL569771076_Rev",64.21,-22.09,-145.5,-0.3979,-12.999300000000005
"CACATCTGGGAGACAGCCA",1e-07,"DNA","PRIMER","AMPL569777773_Rev",63.95,-22.02,-145.9,-0.39942,-12.893140000000017
"CAGCCTCCACCACATTTTCAC",1e-07,"DNA","PRIMER","AMPL569793612_Rev",63.87,-23.45,-164.2,-0.45382,-13.077939999999984
"TGTGCAAGTGCCCTTCCA",1e-07,"DNA","PRIMER","AMPL569807803_Rev",64.45,-21.57,-137.9,-0.37507999999999997,-12.99836000000002
"ATCAGCCTCTCACCTTGCAG",1e-07,"DNA","PRIMER","AMPL569876406_Rev",64.33,-22.85,-154.3,-0.42382,-13.167940000000016
"GTTGTCCTCCTGCCAGGAAA",1e-07,"DNA","PRIMER","AMPL570334446_Rev",64.54,-22.87,-153.4,-0.42087,-13.250290000000007
"CTGCCCCATCACTGGCT",1e-07,"DNA","PRIMER","AMPL570348570_Rev",64.6,-21.01,-130.4,-0.35268,-12.95756
"TGAGAAAGGGAATCACGTCCAC",1e-07,"DNA","PRIMER","AMPL570395247_Rev",64.28,-24.13,-170.4,-0.47158999999999995,-13.360530000000011
"GGCCGTCCACACACAGTC",1e-07,"DNA","PRIMER","AMPL570562416_Rev",65.79,-22.62,-144.4,-0.39263,-13.654210000000006
"CCTCAGGAGCCCAGCCTTA",1e-07,"DNA","PRIMER","AMPL570683433_Rev",66.04,-22.75,-144.7,-0.39321,-13.76106999999999
"CTGGGAGCCACCTCCTT",1e-07,"DNA","PRIMER","AMPL570891051_Rev",63.53,-20.47,-128.3,-0.34768,-12.522560000000013
"TGCTGGGAGCTACCTCCTTAA",1e-07,"DNA","PRIMER","AMPL570985432_Rev",64.86,-23.38,-158.0,-0.43404000000000004,-13.464679999999987
"ACACTCAGAACCCATCATAGGATACA",1e-07,"DNA","PRIMER","AMPL612959905_Rev",64.58,-26.33,-195.6,-0.54577,-13.858589999999992
"CTCCCTGAGAATGTTGGATCAAGATAAA",1e-07,"DNA","PRIMER","AMPL612960517_Rev",64.1,-27.45,-212.7,-0.5972999999999999,-13.79910000000001
"GTGTCTGGTAGGGCCATGTT",1e-07,"DNA","PRIMER","AMPL623736840_Rev",64.34,-22.76,-153.1,-0.42025,-13.156749999999988
"ACTGGGTCCTGAGGTAAAGGAG",1e-07,"DNA","PRIMER","AMPL623749092_Rev",65.34,-24.29,-166.4,-0.4582,-13.819400000000002
"TTTACACACCTCTCTCATGGGATAAGA",1e-07,"DNA","PRIMER","AMPL623762017_Rev",64.55,-26.94,-203.3,-0.56862,-13.949540000000013
"GTTTTCTGCCTTGTGCAATGACT",1e-07,"DNA","PRIMER","AMPL623764571_Rev",63.95,-24.7,-179.4,-0.49879,-13.302930000000003
"CCAAATTCCAGGCCAGGATTCA",1e-07,"DNA","PRIMER","AMPL623770850_Rev",65.08,-24.27,-167.6,-0.46212000000000003,-13.714039999999983
"TGGCTGTAGATTTTGGAGTTCTGAAA",1e-07,"DNA","PRIMER","AMPL648144397_Rev",64.07,-26.24,-197.8,-0.55316,-13.59772000000001
"TCATAGAGTGTGCTCTCAGATTGACT",1e-07,"DNA","PRIMER","AMPL658783041_Rev",64.64,-26.59,-198.4,-0.55396,-13.93132
"CCCCATTCAAAGCATTCATAAAGGT",1e-07,"DNA","PRIMER","AMPL658804790_Rev",63.44,-25.28,-190.0,-0.5310900000000001,-13.147029999999972
"CTGCGTTAGTTCCAGTGACTGT",1e-07,"DNA","PRIMER","AMPL659619504_Rev",64.4,-24.37,-172.6,-0.47793,-13.449309999999997
"CCCACTTCTGATCTCAGCAAGG",1e-07,"DNA","PRIMER","AMPL661570029_Rev",64.89,-24.45,-170.8,-0.47187,-13.667290000000008
"GGGAATACTGATCCTGATTTAACAGTGA",1e-07,"DNA","PRIMER","AMPL663100272_Rev",63.88,-27.33,-212.8,-0.598,-13.666000000000025
"GCCTGTACCTGAGGCCCTAA",1e-07,"DNA","PRIMER","AMPL663779199_Rev",65.97,-23.4,-152.7,-0.41689,-13.875630000000001
"TAGTGTGAAGGGTTCATATGCATAATCA",1e-07,"DNA","PRIMER","AMPL712350278_Rev",63.54,-27.05,-211.7,-0.59537,-13.441789999999997
"GCTTTCCAGAGCAGGGAGTAG",1e-07,"DNA","PRIMER","AMPL712394111_Rev",64.59,-23.69,-163.2,-0.44981,-13.413269999999983
"GCGTTGCTGAGGATCGGTTC",1e-07,"DNA","PRIMER","AMPL712468205_Rev",66.05,-24.22,-161.8,-0.44360000000000005,-14.081199999999995
"GGGCAGACAGTCAAGATCAGT",1e-07,"DNA","PRIMER","AMPL807051270_Rev",64.03,-23.32,-161.7,-0.44617,-13.125389999999982
"GGTGGGATATGACCCAGAAGGAG",1e-07,"DNA","PRIMER","AMPL807062547_Rev",66.22,-25.49,-175.8,-0.48463,-14.418210000000016
"ACATTTATGATGCAGCAGATGTTGACTA",1e-07,"DNA","PRIMER","AMPL811140534_Rev",64.29,-27.71,-214.6,-0.60257,-13.944189999999963
"GTGAATCTGTTGATGGAGATCCAACTAT",1e-07,"DNA","PRIMER","AMPL811145968_Rev",64.1,-27.52,-213.6,-0.59996,-13.813319999999976
"GTCAGAAGCCCATTAAAATAGTTACAAGC",1e-07,"DNA","PRIMER","AMPL811148683_Rev",63.94,-28.34,-225.0,-0.6340800000000001,-13.851359999999971
"GGAGTACAGAGTGGCAACAGG",1e-07,"DNA","PRIMER","AMPL811598314_Rev",64.75,-23.82,-163.9,-0.45165,-13.500550000000004
"TGCTATGAGTACAATCACATTTTTCCAC",1e-07,"DNA","PRIMER","AMPL812248025_Rev",63.28,-27.21,-215.7,-0.60775,-13.319249999999982
"TCCCGGAAGTGCCTAAACC",1e-07,"DNA","PRIMER","AMPL812522983_Rev",64.24,-22.16,-146.2,-0.39994,-13.019979999999975
"CCCCCAAGAGCTTCCAGTG",1e-07,"DNA","PRIMER","AMPL868057489_Rev",65.15,-22.58,-146.9,-0.40082999999999996,-13.423610000000025
"AAGGTGGCTCACACTTGAGG",1e-07,"DNA","PRIMER","AMPL868122714_Rev",64.49,-22.9,-154.0,-0.42271,-13.237570000000005
"GTTCGTGGTCTAGCTCCTCCTA",1e-07,"DNA","PRIMER","AMPL868334943_Rev",64.96,-24.4,-169.8,-0.46881,-13.686270000000007
"TCTCCGAAGGTGAGGTAACAGA",1e-07,"DNA","PRIMER","AMPL868433204_Rev",64.42,-23.95,-167.4,-0.46251,-13.384170000000012
"GTCGGCTACTCCCACGTAAA",1e-07,"DNA","PRIMER","AMPL1314131500_Rev",63.85,-22.86,-156.9,-0.43218,-12.98406
"CAGAAGGGATTTGGTATATGTCTGACAA",1e-07,"DNA","PRIMER","AMPL1316862546_Rev",64.08,-27.47,-213.1,-0.59853,-13.789509999999979
"CTTACCAAGCTATCCACATCTATGCT",1e-07,"DNA","PRIMER","AMPL1316863746_Rev",63.83,-26.16,-198.4,-0.55536,-13.465120000000013
"GCAGAAGGTCATCCAAAATTGCTATATCT",1e-07,"DNA","PRIMER","AMPL1325115211_Rev",64.8,-28.65,-222.3,-0.62439,-14.378129999999999
"GTGAAATACCCCCAAGCGATG",1e-07,"DNA","PRIMER","AMPL1350926839_Rev",63.46,-23.25,-164.0,-0.45381,-12.88127
"CCCTTTTACAGTTATCCAGGTTAGCAC",1e-07,"DNA","PRIMER","AMPL1371818357_Rev",64.98,-27.6,-208.4,-0.58293,-14.284310000000033
"CGGCCGATGGTATGGAGT",1e-07,"DNA","PRIMER","AMPL1371818429_Rev",63.98,-21.58,-140.2,-0.38245999999999997,-12.840819999999994
"TGCAGTCGCTGCTGAATCT",1e-07,"DNA","PRIMER","AMPL1371819731_Rev",64.17,-22.34,-148.7,-0.40743,-13.025809999999979
"TGAGAAGGCAGTGTACCCTTGA",1e-07,"DNA","PRIMER","AMPL1380948433_Rev",65.25,-24.32,-167.2,-0.46069,-13.79022999999998
"GACCTACTACTCTGGGTGCCT",1e-07,"DNA","PRIMER","AMPL1380948435_Rev",65.05,-23.61,-159.8,-0.43911,-13.576369999999997
"CTGCTGTGTAGACTGTTTTGGG",1e-07,"DNA","PRIMER","AMPL1425597489_Rev",63.32,-23.81,-172.0,-0.4778,-12.892599999999987
"CCTGAAAACATACCACCATCAACCTATA",1e-07,"DNA","PRIMER","AMPL1486226181_Rev",64.11,-27.44,-212.5,-0.59668,-13.805560000000014
"AGGTAACAGCAATGAAGAAGATGACAAA",1e-07,"DNA","PRIMER","AMPL1489330457_Rev",64.38,-27.71,-213.9,-0.6003200000000001,-13.993439999999993
"ATCAGTAATCTGTCGCATTTCATCAAGA",1e-07,"DNA","PRIMER","AMPL1497161003_Rev",64.04,-27.62,-215.3,-0.60513,-13.791710000000023
"CCTCCTTCCAGTTCTACCAGTTATATCA",1e-07,"DNA","PRIMER","AMPL467213023_Rev",64.82,-27.79,-211.8,-0.59329,-14.234430000000003
"CAACTCCCAGATTAGCCCCAT",1e-07,"DNA","PRIMER","AMPL467504527_Rev",64.03,-23.07,-158.5,-0.43667,-13.088889999999992
"TGAAGAACAAAAGAACTACCTTGCCT",1e-07,"DNA","PRIMER","AMPL467649362_Rev",64.24,-26.34,-198.0,-0.55347,-13.694490000000002
"CAGCAAATGCTTGCTAGACCAA",1e-07,"DNA","PRIMER","AMPL467692120_Rev",63.46,-23.82,-171.3,-0.4755,-12.958500000000015
"CTTCTGTTGGCATGTCAATGAACT",1e-07,"DNA","PRIMER","AMPL468021362_Rev",63.36,-24.89,-185.6,-0.51816,-13.052720000000022
"CGCACATTTTTGCAAAGTTCATTAGAAC",1e-07,"DNA","PRIMER","AMPL468184487_Rev",63.8,-28.05,-222.4,-0.62664,-13.728880000000004
"CACCTATTCACCAGATTTCGTAGTCTT",1e-07,"DNA","PRIMER","AMPL468281303_Rev",63.9,-26.94,-207.7,-0.5828300000000001,-13.617609999999956
"CCATAATGCTTGGGAGAAATGAAACAA",1e-07,"DNA","PRIMER","AMPL468425396_Rev",63.72,-26.75,-206.6,-0.57989,-13.496629999999982
"CAGCAGTATGCCTTAACAGATTGGATAT",1e-07,"DNA","PRIMER","AMPL468865894_Rev",64.39,-27.74,-214.2,-0.6012000000000001,-14.000399999999956
"CCCCAAACTCTCCAGTCTGTTTAA",1e-07,"DNA","PRIMER","AMPL468866489_Rev",64.17,-25.08,-182.8,-0.50852,-13.462840000000028
"TCCAGGAAAACTGAGAACAGAATGAAATT",1e-07,"DNA","PRIMER","AMPL469146556_Rev",64.44,-28.25,-220.2,-0.61888,-14.112959999999987
"GATAAATCGCGATAGAGCGTTCCT",1e-07,"DNA","PRIMER","AMPL469286737_Rev",64.24,-25.66,-189.5,-0.52827,-13.586089999999984
"TCTGCAACTTTCCATATTTCTTGATCACT",1e-07,"DNA","PRIMER","AMPL469294494_Rev",64.29,-28.22,-220.9,-0.6212300000000001,-14.03040999999999
"CACTGTTGCAAAGTTATTGAATCCCA",1e-07,"DNA","PRIMER","AMPL469322657_Rev",63.74,-26.28,-200.6,-0.5620499999999999,-13.43735000000001
"GTCTCCTCTTTCAGAGCAGCAAT",1e-07,"DNA","PRIMER","AMPL469688358_Rev",64.4,-24.79,-177.8,-0.49334,-13.517780000000016
"TCCTAGTTTTGTTAGCCATCAGTTTACAG",1e-07,"DNA","PRIMER","AMPL474961767_Rev",64.37,-28.41,-222.6,-0.62611,-14.105369999999965
"TGAGATAGTTGGAATGCTTAGCAAACAA",1e-07,"DNA","PRIMER","AMPL492210713_Rev",64.41,-27.76,-214.3,-0.60145,-14.017149999999987
"TCACACAATTTGACTATTGCCAGGAA",1e-07,"DNA","PRIMER","AMPL497497076_Rev",64.54,-26.56,-198.7,-0.55502,-13.878340000000009
"AGGAATGAATTGCTAAACTGTGGAAAAT",1e-07,"DNA","PRIMER","AMPL556186951_Rev",63.19,-26.86,-212.0,-0.59693,-13.222310000000022
"CCTTTGATTAGTGCATAGGGAAGCA",1e-07,"DNA","PRIMER","AMPL556296474_Rev",64.62,-26.02,-191.6,-0.53386,-13.824619999999982
"TCAGTGGTGATGAGCTTTGAGTTT",1e-07,"DNA","PRIMER","AMPL556350401_Rev",64.15,-25.14,-183.7,-0.5112300000000001,-13.460409999999968
"CAGCAGTCGGGTCAGCA",1e-07,"DNA","PRIMER","AMPL569735623_Rev",64.63,-21.35,-134.4,-0.36449000000000004,-13.024829999999994
"TCTCTCGCACCCCAGTATGA",1e-07,"DNA","PRIMER","AMPL569737895_Rev",64.74,-22.89,-152.7,-0.41852999999999996,-13.329509999999999
"TGCACGTGCCCTTCCAG",1e-07,"DNA","PRIMER","AMPL569740889_Rev",65.32,-21.6,-134.3,-0.36339,-13.29113000000001
"CCCAGCCTCTCCCCTACAA",1e-07,"DNA","PRIMER","AMPL569741665_Rev",65.74,-22.53,-143.5,-0.39004,-13.616680000000002
"TTGCTGGGAAGGAGCCTTT",1e-07,"DNA","PRIMER","AMPL569744325_Rev",64.03,-21.84,-143.2,-0.39130000000000004,-12.897099999999966
"TGAGTCAGGCCAAGCAGATAGAT",1e-07,"DNA","PRIMER","AMPL569771170_Rev",65.2,-24.92,-174.7,-0.48294,-13.880979999999994
"ATTAAGTTGTCGTCCTGCCAGAA",1e-07,"DNA","PRIMER","AMPL569774125_Rev",63.88,-24.43,-176.5,-0.4903,-13.230099999999993
"GCCGCACAGTGCTCAGA",1e-07,"DNA","PRIMER","AMPL569812811_Rev",65.25,-21.73,-136.2,-0.36909,-13.293030000000002
"CTCCGGAGCTTCCACCA",1e-07,"DNA","PRIMER","AMPL569874802_Rev",63.75,-20.78,-131.3,-0.35633,-12.642110000000017
"CCACCACATCTGGGAGACAG",1e-07,"DNA","PRIMER","AMPL569877865_Rev",64.55,-22.98,-154.7,-0.42469999999999997,-13.274900000000002
"AGCAGTCGGGTCAGCAC",1e-07,"DNA","PRIMER","AMPL570347519_Rev",64.64,-21.35,-134.3,-0.36419,-13.024730000000005
"CCTCTCTCGCACCCCAGT",1e-07,"DNA","PRIMER","AMPL570349389_Rev",66.2,-22.37,-139.6,-0.37798000000000004,-13.732659999999981
"CCTGGGCTCGGGCTTTC",1e-07,"DNA","PRIMER","AMPL570761882_Rev",65.81,-21.76,-134.1,-0.36222000000000004,-13.480739999999983
"CTTTCCTCACTCATCCCCAACC",1e-07,"DNA","PRIMER","AMPL570836129_Rev",64.93,-24.34,-169.2,-0.46707,-13.665689999999984
"GAGCGGCTGGGTGAAATG",1e-07,"DNA","PRIMER","AMPL570896514_Rev",63.71,-21.69,-142.9,-0.39081,-12.76027000000002
"GCCCAGCCTTACCTCACA",1e-07,"DNA","PRIMER","AMPL570976876_Rev",64.21,-21.5,-138.2,-0.37625,-12.908749999999998
"GGTTTCAGCCCCACAGTGTAA",1e-07,"DNA","PRIMER","AMPL570992917_Rev",64.81,-23.66,-161.7,-0.44506999999999997,-13.491690000000006
"CTCTGATTCCACAAGGTATTTAGCAGT",1e-07,"DNA","PRIMER","AMPL612960426_Rev",64.19,-27.01,-206.6,-0.57905,-13.776350000000008
"ACAGAGGGTTGAGAGGGTCAT",1e-07,"DNA","PRIMER","AMPL623733836_Rev",64.85,-23.31,-157.2,-0.43169,-13.44722999999999
"GGCAATATCTGGCAGGAAACTG",1e-07,"DNA","PRIMER","AMPL623737664_Rev",63.58,-23.85,-170.9,-0.47413,-13.014710000000008
"TGAGCAAGCATTTCGTAGCCA",1e-07,"DNA","PRIMER","AMPL623742865_Rev",64.56,-23.72,-163.7,-0.45133999999999996,-13.403780000000012
"GTCCAGATGCTGACCCTACTG",1e-07,"DNA","PRIMER","AMPL623750282_Rev",64.33,-23.56,-163.0,-0.4496,-13.283199999999994
"TCCCCCAGCAACTGTTTCAA",1e-07,"DNA","PRIMER","AMPL623758630_Rev",64.26,-22.61,-151.6,-0.4159,-13.1053
"GTTGCTGTCTCCCTGTCCTT",1e-07,"DNA","PRIMER","AMPL623760758_Rev",64.22,-22.76,-153.7,-0.42219,-13.11072999999999
"CTGCCAGAAAAATTACTAAGCACCAAAT",1e-07,"DNA","PRIMER","AMPL647470059_Rev",63.92,-27.56,-215.4,-0.60563,-13.725210000000004
"AAAAATTGTTGGCATTCCAGCAT",1e-07,"DNA","PRIMER","AMPL647810578_Rev",61.87,-23.33,-174.8,-0.48837,-12.172789999999992
"ACTAAACAATGTACATGAACATACCTTTCCA",1e-07,"DNA","PRIMER","AMPL655136916_Rev",64.16,-29.31,-235.4,-0.6644800000000001,-14.12815999999998
"CCTGCTTGAGACACCTATTTTGTG",1e-07,"DNA","PRIMER","AMPL658674329_Rev",63.55,-25.1,-186.9,-0.5216900000000001,-13.17722999999998
"CAAGTACTAGGTTGGTTCTGTGGTT",1e-07,"DNA","PRIMER","AMPL659377496_Rev",64.15,-25.77,-191.4,-0.53404,-13.56468000000001
"CCTGCTCTGACAAACATCATCAAGAT",1e-07,"DNA","PRIMER","AMPL659599485_Rev",64.78,-26.86,-200.7,-0.56051,-14.050170000000008
"TGAGGACACTTGAAGAGTTTTTGCTTAT",1e-07,"DNA","PRIMER","AMPL659794021_Rev",64.33,-27.68,-213.9,-0.60042,-13.960140000000024
"GACAGATTTGCCAATCAGATTCTCAG",1e-07,"DNA","PRIMER","AMPL661534109_Rev",63.57,-26.3,-202.1,-0.5668099999999999,-13.352270000000033
"GAAAGTAAGGTGAGGTGGTGACA",1e-07,"DNA","PRIMER","AMPL663072267_Rev",64.04,-24.51,-176.5,-0.49006,-13.310020000000009
"CGTTGTCAAACAGGAAGGTGCTA",1e-07,"DNA","PRIMER","AMPL807015613_Rev",64.94,-25.25,-180.2,-0.49959,-13.836529999999982
"CTGCAGACTGTACGCCTTGT",1e-07,"DNA","PRIMER","AMPL807033687_Rev",64.65,-23.28,-157.9,-0.43404000000000004,-13.364679999999993
"TCTGAAGGTTCACACTCCTCTGA",1e-07,"DNA","PRIMER","AMPL807207246_Rev",64.68,-24.66,-174.6,-0.48343,-13.617809999999992
"CCCCATAACTTCCAGTATCATTTTCCAA",1e-07,"DNA","PRIMER","AMPL811141827_Rev",64.57,-27.66,-212.0,-0.59435,-14.08144999999999
"CAGCCTTAAATCCTTTACAAGATGGAGA",1e-07,"DNA","PRIMER","AMPL811143696_Rev",64.28,-27.6,-213.3,-0.59874,-13.919579999999996
"AGGCTAAATGTAAAACACAAGACTGTCA",1e-07,"DNA","PRIMER","AMPL811148743_Rev",64.3,-27.7,-214.3,-0.60165,-13.950549999999993
"GCTTAGAGGTTAACAGAAGGGAAAACAA",1e-07,"DNA","PRIMER","AMPL811679394_Rev",64.72,-27.98,-214.8,-0.60235,-14.217449999999985
"CCTCCTGCGTCAGGACAAC",1e-07,"DNA","PRIMER","AMPL812518150_Rev",65.24,-22.94,-150.8,-0.41224,-13.524080000000026
"GAAAGGAGACTAACAAGTTGTCCAATACT",1e-07,"DNA","PRIMER","AMPL844200061_Rev",64.16,-28.22,-221.9,-0.62446,-13.954820000000012
"CGAAGGTGGCTCCCACTT",1e-07,"DNA","PRIMER","AMPL868037386_Rev",64.45,-21.69,-139.4,-0.37951999999999997,-13.019840000000016
"ACCAGGCTCTCCTGCAGA",1e-07,"DNA","PRIMER","AMPL868037962_Rev",65.34,-21.79,-136.5,-0.36986,-13.336619999999996
"GCCTCAGCTGCATCTCCA",1e-07,"DNA","PRIMER","AMPL868068403_Rev",64.57,-21.79,-140.0,-0.38115,-13.07705
"GTCTCCAACTCTGGTTTGAAAGTT",1e-07,"DNA","PRIMER","AMPL868171912_Rev",62.77,-24.48,-184.1,-0.5146499999999999,-12.721550000000008
"TGAGCTTCTTGTGGGCTTTCC",1e-07,"DNA","PRIMER","AMPL868225358_Rev",65.1,-23.86,-162.5,-0.44702,-13.642340000000019
"TCTCCGAAGGTGAGGTAACAGT",1e-07,"DNA","PRIMER","AMPL868241158_Rev",64.68,-24.09,-167.6,-0.46272,-13.514240000000001
"AGCTCTGTTAGCCAAAAGACACC",1e-07,"DNA","PRIMER","AMPL868360804_Rev",64.83,-25.02,-178.1,-0.49356,-13.744519999999994
"CTGCTTTCTCCCCACCAGATATG",1e-07,"DNA","PRIMER","AMPL939986921_Rev",64.79,-24.93,-177.2,-0.49095999999999995,-13.710319999999996
"ACAGGACTTCAACCCTCAATCAAATAAA",1e-07,"DNA","PRIMER","AMPL1317650819_Rev",64.24,-27.45,-211.7,-0.5940700000000001,-13.874689999999958
"TGGTGGATCAGCAGTTTCATTTCTTAG",1e-07,"DNA","PRIMER","AMPL1350926834_Rev",64.77,-27.44,-207.8,-0.58153,-14.150510000000025
"CAAGCTTCCCAGGAAACTGTTCT",1e-07,"DNA","PRIMER","AMPL1350926835_Rev",64.85,-24.93,-176.8,-0.48968,-13.736559999999997
"GTCTAACAAAGCAAGCAGTGTTCAAA",1e-07,"DNA","PRIMER","AMPL1350926836_Rev",63.97,-26.63,-203.4,-0.5699500000000001,-13.606649999999973
"TTCTGACCTTGGTTAACTGAGTGTG",1e-07,"DNA","PRIMER","AMPL1350926838_Rev",64.31,-25.95,-192.7,-0.5376299999999999,-13.669210000000021
"GTCAGCAAATAGGCAAGGGAAG",1e-07,"DNA","PRIMER","AMPL1371818112_Rev",63.52,-23.82,-170.9,-0.47423000000000004,-12.981409999999983
"AGCTCCTGAGTCCCAAGGAAT",1e-07,"DNA","PRIMER","AMPL1371818403_Rev",65.2,-23.48,-157.4,-0.43181,-13.60727
"AGTGAACGCATCTGAAAACAACAAAG",1e-07,"DNA","PRIMER","AMPL1380948434_Rev",64.18,-26.84,-204.6,-0.57313,-13.747709999999984
"GGCCACCTTCTCACCTGAAAAA",1e-07,"DNA","PRIMER","AMPL1380948436_Rev",65.1,-24.42,-169.2,-0.46682,-13.748939999999976
"ACCTTCACAGGAACCAAGGATAGAT",1e-07,"DNA","PRIMER","AMPL1425598476_Rev",65.01,-25.88,-187.4,-0.52078,-13.980259999999987
"CTGTGGGCAACAACTGCAT",1e-07,"DNA","PRIMER","AMPL1486260392_Rev",63.46,-21.99,-148.0,-0.40629000000000004,-12.705429999999978
"AACAGAAGCATATAAAACTAATTCATGATTGGT",1e-07,"DNA","PRIMER","AMPL1486309394_Rev",63.08,-29.73,-249.7,-0.70925,-13.51974999999996
"GAAGTGTCCATAGTCCTTTTAAGCTTGTA",1e-07,"DNA","PRIMER","AMPL1489275007_Rev",64.19,-28.27,-222.3,-0.62559,-13.978530000000006
"AAAGGTCTGTGAGCTTGTCACTTT",1e-07,"DNA","PRIMER","AMPL1489306062_Rev",64.32,-25.25,-183.9,-0.51154,-13.557180000000017
"GCTAAAGTTAATGAGTTCATAGTACCTGTTGT",1e-07,"DNA","PRIMER","AMPL1524050819_Rev",64.3,-30.25,-245.8,-0.695,-14.365000000000038
