"Sequence","Concentration","StrandType","Function","Name"
"GCTAATGTATTTCTAAGGCAGTGAGAGG",1e-07,"DNA","PRIMER","AMPL811140534_Fwd"
"TGAACATTTCCTGAATATCTACCAACCAA",1e-07,"DNA","PRIMER","AMPL811141827_Fwd"
"AACTTCATAGGTTACGATTTATATTAAGCCCAA",1e-07,"DNA","PRIMER","AMPL1497161003_Fwd"
"CTTGAATGAAGCAGGTCCCAAATTTTA",1e-07,"DNA","PRIMER","AMPL811143696_Fwd"
"TGACCCCAAAAGATTTACCATTATGCT",1e-07,"DNA","PRIMER","AMPL811145968_Fwd"
"GCTTTTCGGACTTTTTCTGATGAAAGAA",1e-07,"DNA","PRIMER","AMPL659794021_Fwd"
"GGTGGAGAACATGGGAGAGAAA",1e-07,"DNA","PRIMER","AMPL663072267_Fwd"
"CAGAGCTAGTGGCTCACCTT",1e-07,"DNA","PRIMER","AMPL663100272_Fwd"
"TGGTTTTCTGTACCCACCACTTTTAA",1e-07,"DNA","PRIMER","AMPL658783041_Fwd"
"GGAGTAGGAAAGTTTCAAAGACCTGA",1e-07,"DNA","PRIMER","AMPL659377496_Fwd"
"CCCTGGGCTCAACTCATTTGA",1e-07,"DNA","PRIMER","AMPL556370172_Fwd"
"CTCATTGTGCCTGGCAACTG",1e-07,"DNA","PRIMER","AMPL556350401_Fwd"
"TGGAAGCCACAGTACTTTTCAAGAA",1e-07,"DNA","PRIMER","AMPL658674329_Fwd"
"TCAACTGGATGAGGGCAAGG",1e-07,"DNA","PRIMER","AMPL658804790_Fwd"
"AGTGAACAAGTACATTGCTCCAAGT",1e-07,"DNA","PRIMER","AMPL661534109_Fwd"
"GCATCCAGTTCCGCTCCATAG",1e-07,"DNA","PRIMER","AMPL661570029_Fwd"
"GCACCAATGTCATGCCTCAAG",1e-07,"DNA","PRIMER","AMPL659619504_Fwd"
"GAAAAGAACATGGAAGTTTGCTACGAC",1e-07,"DNA","PRIMER","AMPL556186951_Fwd"
"CAGACTTCTTACTGAGCTTATGAAACCA",1e-07,"DNA","PRIMER","AMPL663779199_Fwd"
"GGAGTGAGGTCTCTGGCTTT",1e-07,"DNA","PRIMER","AMPL812518150_Fwd"
"CACAGTAACGCCCCTCGT",1e-07,"DNA","PRIMER","AMPL812522983_Fwd"
"CAAGCCCCGTCGATTAGACA",1e-07,"DNA","PRIMER","AMPL811679394_Fwd"
"GTGCGTAGTGGGTGGAGAAA",1e-07,"DNA","PRIMER","AMPL1380948435_Fwd"
"GCAGGTCAGAGAAAAAGGGTTGA",1e-07,"DNA","PRIMER","AMPL1380948436_Fwd"
"GCCAGCGTTGTCTCCAAACT",1e-07,"DNA","PRIMER","AMPL493118173_Fwd"
"GACCACTTTAATGGTGTTTACCTACCTA",1e-07,"DNA","PRIMER","AMPL612960426_Fwd"
"TTTCCATATGCCAGAAAAGTTGAATAGT",1e-07,"DNA","PRIMER","AMPL1316862546_Fwd"
"TCTTCAGTGGATTAAGCGTGAATATGTT",1e-07,"DNA","PRIMER","AMPL612959905_Fwd"
"AAGTCTTGTGTTGAAATTCTCAGGGT",1e-07,"DNA","PRIMER","AMPL469286737_Fwd"
"GCTTCCTATGACCCGGATAACAA",1e-07,"DNA","PRIMER","AMPL469324749_Fwd"
"ACCTGAGAAGATAGTAAGCTAGATGAAT",1e-07,"DNA","PRIMER","AMPL844200061_Fwd"
"GCTGTCAAGCCGTGTTCTAGATAAAATA",1e-07,"DNA","PRIMER","AMPL468748906_Fwd"
"TGATTACCTAGATTTTAGTGTGCTCAGA",1e-07,"DNA","PRIMER","AMPL467504527_Fwd"
"CTTTGCAAGTGGCACTCCTC",1e-07,"DNA","PRIMER","AMPL467561353_Fwd"
"GCCCATCTGTTGAATAAAAGAAATATGACTT",1e-07,"DNA","PRIMER","AMPL468865894_Fwd"
"CAGTGAAAGACTTGTGATTACCTCAGAAA",1e-07,"DNA","PRIMER","AMPL468874944_Fwd"
"TTTATAGAACAGAACTGAAACTGACTCGG",1e-07,"DNA","PRIMER","AMPL556296474_Fwd"
"GCAATTTCCCTGGGCTGTACAA",1e-07,"DNA","PRIMER","AMPL468184487_Fwd"
"GTGATGACAGCCTCTTCTTCAGT",1e-07,"DNA","PRIMER","AMPL467649362_Fwd"
"AGAGGGTAAAATTAAGCACAGTGGAAG",1e-07,"DNA","PRIMER","AMPL712350278_Fwd"
"CACTAGATGACCAGGAAATAGAGAGGAA",1e-07,"DNA","PRIMER","AMPL468091028_Fwd"
"ATTTCATGCTATCAGAATTCACAAGGT",1e-07,"DNA","PRIMER","AMPL474961767_Fwd"
"AAGGTAGCAGCTATTTTTATGGGACAT",1e-07,"DNA","PRIMER","AMPL468866489_Fwd"
"CCTGTCTCCTGGACAGAAACAAAA",1e-07,"DNA","PRIMER","AMPL468922661_Fwd"
"GATGTGGGCATGGGAGGAATA",1e-07,"DNA","PRIMER","AMPL468425396_Fwd"
"TCAGTAAGTAACTTTGGCTGCCAAAT",1e-07,"DNA","PRIMER","AMPL1314131500_Fwd"
"AGCACCAGTTCGTATTATGTGTTTTACA",1e-07,"DNA","PRIMER","AMPL1350926834_Fwd"
"TGTCATCTTGTATATTATAGGTGGGATTCTTAA",1e-07,"DNA","PRIMER","AMPL1317650819_Fwd"
"GCAATGTGAAAATGTTTACTCACCAACA",1e-07,"DNA","PRIMER","AMPL467096662_Fwd"
"CAAAGAATGGCACCAGTGTGAAA",1e-07,"DNA","PRIMER","AMPL1489275007_Fwd"
"AGGAGTCCAATTTTCACTCATCTTGT",1e-07,"DNA","PRIMER","AMPL1489330457_Fwd"
"CTGGTTCTTGTACCTGTCAACACT",1e-07,"DNA","PRIMER","AMPL1524050819_Fwd"
"TTCATTGAAAAGCCCGACAAATAACC",1e-07,"DNA","PRIMER","AMPL468021362_Fwd"
"CGATCTGTGAGCCGAGTCTTTA",1e-07,"DNA","PRIMER","AMPL468048766_Fwd"
"AATGGCCAACTCTCGAAAGTTATGATTA",1e-07,"DNA","PRIMER","AMPL1350926836_Fwd"
"CAGTTGACTTGTCATCTTGATTTCTGG",1e-07,"DNA","PRIMER","AMPL612960517_Fwd"
"GAAATCCAGATCGATGGTGTGTCT",1e-07,"DNA","PRIMER","AMPL469390256_Fwd"
"TTGATGGTAAGTACATGGGTGTTTCTT",1e-07,"DNA","PRIMER","AMPL469294494_Fwd"
"AAACTTGGATCCCTATGAACAGTGG",1e-07,"DNA","PRIMER","AMPL476533235_Fwd"
"TTGAGCTGTCAAGGTTGTAAATAGACTT",1e-07,"DNA","PRIMER","AMPL1350926835_Fwd"
"GGTTGGGCTCAGATCTGTGAT",1e-07,"DNA","PRIMER","AMPL469937071_Fwd"
"GATCATTACTGTTCTGTGATATTATGTGTGGT",1e-07,"DNA","PRIMER","AMPL647810578_Fwd"
"GGACACTGATATGGGTCTTGATAAATGG",1e-07,"DNA","PRIMER","AMPL497774927_Fwd"
"CTCCCCATGATGTTTAGAAACACAACTA",1e-07,"DNA","PRIMER","AMPL492300506_Fwd"
"ACACACATGAAGTCCAAGCATTTAGAT",1e-07,"DNA","PRIMER","AMPL1486309394_Fwd"
"CCCAGGGTTCACAGCTGTTC",1e-07,"DNA","PRIMER","AMPL712468205_Fwd"
"GCCTCATGTCGCGCAGT",1e-07,"DNA","PRIMER","AMPL807033687_Fwd"
"GAAGGTTGGAACGCTCATCC",1e-07,"DNA","PRIMER","AMPL807051270_Fwd"
"GAGGGAGCTAGAGAGCTCTGA",1e-07,"DNA","PRIMER","AMPL623733836_Fwd"
"GACTTCTGCTGCAGAGAGTGATA",1e-07,"DNA","PRIMER","AMPL868171912_Fwd"
"CTGGTAACTATGGATTTCCCCTCTTAC",1e-07,"DNA","PRIMER","AMPL556199792_Fwd"
"TGGTCAGGAGGGAGTTGACTT",1e-07,"DNA","PRIMER","AMPL556343103_Fwd"
"CTGTGGACATGGGAACAGGAT",1e-07,"DNA","PRIMER","AMPL623737664_Fwd"
"TTTGCCCCTTGACAGGTATGG",1e-07,"DNA","PRIMER","AMPL623762017_Fwd"
"CTGGTTAGTACTGGTCCCCTTCT",1e-07,"DNA","PRIMER","AMPL623750282_Fwd"
"ACTGCAACCTCAAAGGAGCAA",1e-07,"DNA","PRIMER","AMPL1371818357_Fwd"
"ACATTTATGATGCAGCAGATGTTGACTA",1e-07,"DNA","PRIMER","AMPL811140534_Rev"
"CCCCATAACTTCCAGTATCATTTTCCAA",1e-07,"DNA","PRIMER","AMPL811141827_Rev"
"ATCAGTAATCTGTCGCATTTCATCAAGA",1e-07,"DNA","PRIMER","AMPL1497161003_Rev"
"CAGCCTTAAATCCTTTACAAGATGGAGA",1e-07,"DNA","PRIMER","AMPL811143696_Rev"
"GTGAATCTGTTGATGGAGATCCAACTAT",1e-07,"DNA","PRIMER","AMPL811145968_Rev"
"TGAGGACACTTGAAGAGTTTTTGCTTAT",1e-07,"DNA","PRIMER","AMPL659794021_Rev"
"GAAAGTAAGGTGAGGTGGTGACA",1e-07,"DNA","PRIMER","AMPL663072267_Rev"
"GGGAATACTGATCCTGATTTAACAGTGA",1e-07,"DNA","PRIMER","AMPL663100272_Rev"
"TCATAGAGTGTGCTCTCAGATTGACT",1e-07,"DNA","PRIMER","AMPL658783041_Rev"
"CAAGTACTAGGTTGGTTCTGTGGTT",1e-07,"DNA","PRIMER","AMPL659377496_Rev"
"CCCATTCCTCATGTAGAAAGACTGA",1e-07,"DNA","PRIMER","AMPL556370172_Rev"
"TCAGTGGTGATGAGCTTTGAGTTT",1e-07,"DNA","PRIMER","AMPL556350401_Rev"
"CCTGCTTGAGACACCTATTTTGTG",1e-07,"DNA","PRIMER","AMPL658674329_Rev"
"CCCCATTCAAAGCATTCATAAAGGT",1e-07,"DNA","PRIMER","AMPL658804790_Rev"
"GACAGATTTGCCAATCAGATTCTCAG",1e-07,"DNA","PRIMER","AMPL661534109_Rev"
"CCCACTTCTGATCTCAGCAAGG",1e-07,"DNA","PRIMER","AMPL661570029_Rev"
"CTGCGTTAGTTCCAGTGACTGT",1e-07,"DNA","PRIMER","AMPL659619504_Rev"
"AGGAATGAATTGCTAAACTGTGGAAAAT",1e-07,"DNA","PRIMER","AMPL556186951_Rev"
"GCCTGTACCTGAGGCCCTAA",1e-07,"DNA","PRIMER","AMPL663779199_Rev"
"CCTCCTGCGTCAGGACAAC",1e-07,"DNA","PRIMER","AMPL812518150_Rev"
"TCCCGGAAGTGCCTAAACC",1e-07,"DNA","PRIMER","AMPL812522983_Rev"
"GCTTAGAGGTTAACAGAAGGGAAAACAA",1e-07,"DNA","PRIMER","AMPL811679394_Rev"
"GACCTACTACTCTGGGTGCCT",1e-07,"DNA","PRIMER","AMPL1380948435_Rev"
"GGCCACCTTCTCACCTGAAAAA",1e-07,"DNA","PRIMER","AMPL1380948436_Rev"
"AAAACTGCTTATTCCTTTACCCCAA",1e-07,"DNA","PRIMER","AMPL493118173_Rev"
"CTCTGATTCCACAAGGTATTTAGCAGT",1e-07,"DNA","PRIMER","AMPL612960426_Rev"
"CAGAAGGGATTTGGTATATGTCTGACAA",1e-07,"DNA","PRIMER","AMPL1316862546_Rev"
"ACACTCAGAACCCATCATAGGATACA",1e-07,"DNA","PRIMER","AMPL612959905_Rev"
"GATAAATCGCGATAGAGCGTTCCT",1e-07,"DNA","PRIMER","AMPL469286737_Rev"
"GTACGATACAGAATATATGTGCCATGGG",1e-07,"DNA","PRIMER","AMPL469324749_Rev"
"GAAAGGAGACTAACAAGTTGTCCAATACT",1e-07,"DNA","PRIMER","AMPL844200061_Rev"
"ACTCCGCCTTTCCAGTTGTATAATTT",1e-07,"DNA","PRIMER","AMPL468748906_Rev"
"CAACTCCCAGATTAGCCCCAT",1e-07,"DNA","PRIMER","AMPL467504527_Rev"
"GCATAGAGCAGTCCTGGTTTTACTAAA",1e-07,"DNA","PRIMER","AMPL467561353_Rev"
"CAGCAGTATGCCTTAACAGATTGGATAT",1e-07,"DNA","PRIMER","AMPL468865894_Rev"
"GAGGTGGAAGTCTACCATGATAAACAT",1e-07,"DNA","PRIMER","AMPL468874944_Rev"
"CCTTTGATTAGTGCATAGGGAAGCA",1e-07,"DNA","PRIMER","AMPL556296474_Rev"
"CGCACATTTTTGCAAAGTTCATTAGAAC",1e-07,"DNA","PRIMER","AMPL468184487_Rev"
"TGAAGAACAAAAGAACTACCTTGCCT",1e-07,"DNA","PRIMER","AMPL467649362_Rev"
"TAGTGTGAAGGGTTCATATGCATAATCA",1e-07,"DNA","PRIMER","AMPL712350278_Rev"
"CAATCTATGATGGGACAGTCTGTCT",1e-07,"DNA","PRIMER","AMPL468091028_Rev"
"TCCTAGTTTTGTTAGCCATCAGTTTACAG",1e-07,"DNA","PRIMER","AMPL474961767_Rev"
"CCCCAAACTCTCCAGTCTGTTTAA",1e-07,"DNA","PRIMER","AMPL468866489_Rev"
"TCCCTGCTCAGAATCTGGTACT",1e-07,"DNA","PRIMER","AMPL468922661_Rev"
"CCATAATGCTTGGGAGAAATGAAACAA",1e-07,"DNA","PRIMER","AMPL468425396_Rev"
"GTCGGCTACTCCCACGTAAA",1e-07,"DNA","PRIMER","AMPL1314131500_Rev"
"TGGTGGATCAGCAGTTTCATTTCTTAG",1e-07,"DNA","PRIMER","AMPL1350926834_Rev"
"ACAGGACTTCAACCCTCAATCAAATAAA",1e-07,"DNA","PRIMER","AMPL1317650819_Rev"
"TGAGTATCGCACATTCACTGTCATAC",1e-07,"DNA","PRIMER","AMPL467096662_Rev"
"GAAGTGTCCATAGTCCTTTTAAGCTTGTA",1e-07,"DNA","PRIMER","AMPL1489275007_Rev"
"AGGTAACAGCAATGAAGAAGATGACAAA",1e-07,"DNA","PRIMER","AMPL1489330457_Rev"
"GCTAAAGTTAATGAGTTCATAGTACCTGTTGT",1e-07,"DNA","PRIMER","AMPL1524050819_Rev"
"CTTCTGTTGGCATGTCAATGAACT",1e-07,"DNA","PRIMER","AMPL468021362_Rev"
"TCATCTTTCTTCACGTGTGAATTCTCAA",1e-07,"DNA","PRIMER","AMPL468048766_Rev"
"GTCTAACAAAGCAAGCAGTGTTCAAA",1e-07,"DNA","PRIMER","AMPL1350926836_Rev"
"CTCCCTGAGAATGTTGGATCAAGATAAA",1e-07,"DNA","PRIMER","AMPL612960517_Rev"
"TATGAGAAAACTGCACTGGAGAAAAA",1e-07,"DNA","PRIMER","AMPL469390256_Rev"
"TCTGCAACTTTCCATATTTCTTGATCACT",1e-07,"DNA","PRIMER","AMPL469294494_Rev"
"TCCAGTCAAAAGTACCTGTTGCT",1e-07,"DNA","PRIMER","AMPL476533235_Rev"
"CAAGCTTCCCAGGAAACTGTTCT",1e-07,"DNA","PRIMER","AMPL1350926835_Rev"
"TTCCCACTGTGCTATTAAGTAACAGAAC",1e-07,"DNA","PRIMER","AMPL469937071_Rev"
"AAAAATTGTTGGCATTCCAGCAT",1e-07,"DNA","PRIMER","AMPL647810578_Rev"
"TCTTCTCCAACACTACAAATTAACGAGTT",1e-07,"DNA","PRIMER","AMPL497774927_Rev"
"CCTGGACAATACTAACCCTGATTTCC",1e-07,"DNA","PRIMER","AMPL492300506_Rev"
"AACAGAAGCATATAAAACTAATTCATGATTGGT",1e-07,"DNA","PRIMER","AMPL1486309394_Rev"
"GCGTTGCTGAGGATCGGTTC",1e-07,"DNA","PRIMER","AMPL712468205_Rev"
"CTGCAGACTGTACGCCTTGT",1e-07,"DNA","PRIMER","AMPL807033687_Rev"
"GGGCAGACAGTCAAGATCAGT",1e-07,"DNA","PRIMER","AMPL807051270_Rev"
"ACAGAGGGTTGAGAGGGTCAT",1e-07,"DNA","PRIMER","AMPL623733836_Rev"
"GTCTCCAACTCTGGTTTGAAAGTT",1e-07,"DNA","PRIMER","AMPL868171912_Rev"
"GAGGCCCATGCATCAACAAC",1e-07,"DNA","PRIMER","AMPL556199792_Rev"
"GCATATTTCCTCTGTCCCATCCATTA",1e-07,"DNA","PRIMER","AMPL556343103_Rev"
"GGCAATATCTGGCAGGAAACTG",1e-07,"DNA","PRIMER","AMPL623737664_Rev"
"TTTACACACCTCTCTCATGGGATAAGA",1e-07,"DNA","PRIMER","AMPL623762017_Rev"
"GTCCAGATGCTGACCCTACTG",1e-07,"DNA","PRIMER","AMPL623750282_Rev"
"CCCTTTTACAGTTATCCAGGTTAGCAC",1e-07,"DNA","PRIMER","AMPL1371818357_Rev"
